id,category,price,title_tr,title_en,desc_tr,desc_en,img,url
p1,telefon,24999,"Aurora X12 Akıllı Telefon 128GB","Aurora X12 Smartphone 128GB","6.5 inç ekran, 128GB depolama, çift kamera, hızlı şarj destekli akıllı telefon","6.5-inch display, 128GB storage, dual camera, fast charging smartphone",📱,https://example-store.com/products/p1
p2,telefon,32999,"Aurora X15 Pro Akıllı Telefon 256GB","Aurora X15 Pro Smartphone 256GB","6.7 inç AMOLED ekran, 256GB depolama, üçlü kamera, kablosuz şarj destekli premium telefon","6.7-inch AMOLED display, 256GB storage, triple camera, wireless charging premium phone",📱,https://example-store.com/products/p2
p3,kilif,349,"Aurora X12 için Şeffaf Silikon Kılıf","Clear Silicone Case for Aurora X12","Darbe emici şeffaf silikon telefon kılıfı, Aurora X12 ile uyumlu","Shock-absorbing clear silicone phone case, compatible with Aurora X12",🛡️,https://example-store.com/products/p3
p4,kilif,449,"Aurora X15 Pro için Deri Görünümlü Kılıf","Leather-Look Case for Aurora X15 Pro","Şık deri görünümlü koruyucu kılıf, kart bölmeli, Aurora X15 Pro ile uyumlu","Elegant leather-look protective case with card slot, compatible with Aurora X15 Pro",🛡️,https://example-store.com/products/p4
p5,ekran_koruyucu,199,"9H Temperli Cam Ekran Koruyucu (2'li Paket)","9H Tempered Glass Screen Protector (2-Pack)","Çizilmeye dayanıklı 9H sertlikte temperli cam ekran koruyucu, tüm telefon modelleriyle uyumlu","Scratch-resistant 9H hardness tempered glass screen protector, compatible with all phone models",🔲,https://example-store.com/products/p5
p6,sarj,599,"20W Hızlı Şarj Adaptörü ve Kablo Seti","20W Fast Charging Adapter and Cable Set","USB-C hızlı şarj adaptörü, 1 metre örgülü kablo dahil","USB-C fast charging adapter, includes 1m braided cable",🔌,https://example-store.com/products/p6
p7,sarj,899,"Kablosuz Şarj Standı 15W","15W Wireless Charging Stand","Masaüstü kablosuz şarj standı, telefonu dik tutar, hızlı kablosuz şarj destekli","Desktop wireless charging stand, holds phone upright, supports fast wireless charging",🔌,https://example-store.com/products/p7
p8,kulaklik,1499,"Aurora Buds Kablosuz Kulaklık","Aurora Buds Wireless Earbuds","Gürültü önleyici kablosuz kulak içi kulaklık, 24 saat pil ömrü, şarj kutulu","Noise-cancelling wireless earbuds, 24-hour battery life, with charging case",🎧,https://example-store.com/products/p8
p9,kulaklik,2999,"Aurora Buds Pro Gürültü Önleyici Kulaklık","Aurora Buds Pro Noise-Cancelling Earbuds","Aktif gürültü önleme özellikli premium kablosuz kulaklık, su geçirmez","Premium wireless earbuds with active noise cancellation, water-resistant",🎧,https://example-store.com/products/p9
p10,powerbank,999,"10000mAh Taşınabilir Şarj Cihazı","10000mAh Portable Power Bank","Kompakt taşınabilir batarya, iki cihazı aynı anda şarj eder, hızlı şarj destekli","Compact portable battery, charges two devices at once, fast charging supported",🔋,https://example-store.com/products/p10
p11,powerbank,1799,"20000mAh Yüksek Kapasiteli Şarj Cihazı","20000mAh High-Capacity Power Bank","Uzun yolculuklar için yüksek kapasiteli taşınabilir şarj cihazı, dijital ekranlı","High-capacity portable charger for long trips, with digital display",🔋,https://example-store.com/products/p11
p12,laptop,34999,"NovaBook 14 Dizüstü Bilgisayar","NovaBook 14 Laptop","14 inç ekran, 16GB RAM, 512GB SSD, günlük kullanım ve ofis işleri için ideal dizüstü bilgisayar","14-inch display, 16GB RAM, 512GB SSD, ideal laptop for daily use and office work",💻,https://example-store.com/products/p12
p13,laptop_aksesuar,799,"Laptop Çantası 14-15 inç","Laptop Bag 14-15 inch","Su geçirmez, dolgulu laptop taşıma çantası, 14-15 inç dizüstü bilgisayarlarla uyumlu","Water-resistant padded laptop carrying bag, fits 14-15 inch laptops",🎒,https://example-store.com/products/p13
p14,laptop_aksesuar,599,"Kablosuz Mouse","Wireless Mouse","Ergonomik kablosuz fare, sessiz tıklama, uzun pil ömrü","Ergonomic wireless mouse, silent click, long battery life",🖱️,https://example-store.com/products/p14
p15,laptop_aksesuar,449,"Laptop Soğutucu Stand","Laptop Cooling Stand","Fanlı laptop soğutucu altlık, ergonomik açı ayarı, USB beslemeli","Fan-cooled laptop stand, ergonomic angle adjustment, USB powered",🧊,https://example-store.com/products/p15
p16,saat,5999,"Aurora Watch Akıllı Saat","Aurora Watch Smartwatch","Nabız ve uyku takibi, bildirim desteği, su geçirmez akıllı saat","Heart rate and sleep tracking, notification support, water-resistant smartwatch",⌚,https://example-store.com/products/p16
p17,saat_aksesuar,299,"Akıllı Saat için Silikon Kordon","Silicone Band for Smartwatch","Yumuşak silikon akıllı saat kordonu, terlemeye dayanıklı, değiştirilebilir","Soft silicone smartwatch band, sweat-resistant, replaceable",⌚,https://example-store.com/products/p17
p18,saat_aksesuar,249,"Akıllı Saat Ekran Koruyucu (3'lü)","Smartwatch Screen Protector (3-Pack)","Akıllı saat için darbe emici ekran koruyucu film, 3'lü paket","Shock-absorbing screen protector film for smartwatch, 3-pack",⌚,https://example-store.com/products/p18
p19,hoparlor,1299,"Taşınabilir Bluetooth Hoparlör","Portable Bluetooth Speaker","Su geçirmez taşınabilir bluetooth hoparlör, güçlü bas, 10 saat pil ömrü","Waterproof portable bluetooth speaker, strong bass, 10-hour battery life",🔊,https://example-store.com/products/p19
p20,hoparlor,2499,"Ev Tipi Akıllı Hoparlör","Smart Home Speaker","Sesli asistan destekli ev tipi akıllı hoparlör, oda dolduran ses kalitesi","Voice-assistant enabled smart home speaker, room-filling sound quality",🔊,https://example-store.com/products/p20
p21,kamera,8999,"Aurora Action Cam 4K Aksiyon Kamerası","Aurora Action Cam 4K Action Camera","4K çözünürlük, su geçirmez gövde, aksiyon sporları için taşınabilir kamera","4K resolution, waterproof body, portable camera for action sports",📷,https://example-store.com/products/p21
p22,kamera_aksesuar,399,"Aksiyon Kamera Tutucu Seti","Action Camera Mount Kit","Bisiklet ve kask montaj aparatları dahil aksiyon kamera tutucu seti","Action camera mount kit including bike and helmet attachments",📷,https://example-store.com/products/p22
p23,kamera_aksesuar,349,"Aksiyon Kamera için Ekstra Batarya","Extra Battery for Action Camera","Yedek pil, uzun çekimler için aksiyon kamerayla uyumlu ekstra batarya","Spare battery, extra battery for long shoots compatible with action camera",🔋,https://example-store.com/products/p23
p24,tablet,15999,"Aurora Tab 10 Tablet 64GB","Aurora Tab 10 Tablet 64GB","10 inç ekran, 64GB depolama, hafif ve ince tasarımlı tablet","10-inch display, 64GB storage, lightweight and slim design tablet",📱,https://example-store.com/products/p24
p25,tablet_aksesuar,549,"Tablet için Manyetik Klavye Kılıfı","Magnetic Keyboard Case for Tablet","Katlanabilir manyetik klavye kılıfı, tablet ile uyumlu, standlı tasarım","Foldable magnetic keyboard case, compatible with tablet, stand design",⌨️,https://example-store.com/products/p25
p26,tablet_aksesuar,299,"Tablet için Dokunmatik Kalem","Stylus Pen for Tablet","Hassas dokunmatik kalem, çizim ve not almak için tablet uyumlu","Precision stylus pen, tablet-compatible for drawing and note-taking",✏️,https://example-store.com/products/p26
p27,oyun,2999,"Kablosuz Oyun Kolu","Wireless Game Controller","PC ve mobil uyumlu kablosuz oyun kolu, uzun pil ömrü, ergonomik tasarım","Wireless game controller compatible with PC and mobile, long battery life, ergonomic design",🎮,https://example-store.com/products/p27
p28,oyun_aksesuar,199,"Oyun Kolu için Şarj Standı","Charging Dock for Game Controller","Çift yuvalı oyun kolu şarj standı, hızlı şarj destekli","Dual-slot charging dock for game controllers, fast charging supported",🎮,https://example-store.com/products/p28
p29,usb,349,"7in1 USB-C Hub Çoklayıcı","7-in-1 USB-C Hub Adapter","HDMI, USB, kart okuyucu içeren 7in1 USB-C çoklayıcı, laptop ve tablet uyumlu","7-in-1 USB-C hub with HDMI, USB, card reader, compatible with laptop and tablet",🔌,https://example-store.com/products/p29
p30,kablo,149,"Örgülü USB-C Kablo 2 Metre","Braided USB-C Cable 2 Meters","Dayanıklı örgülü USB-C şarj ve veri kablosu, 2 metre uzunluk","Durable braided USB-C charging and data cable, 2 meters long",🔌,https://example-store.com/products/p30
